模型,口袋,随机种子,尝试数,通过对接前检查,读取失败,化学检查失败,多个不相连部分,任务内重复
targetdiff_prior,cdtest-000,20261002,100,94,4,0,2,0
targetdiff_prior,cdtest-000,20261003,100,87,3,0,10,0
targetdiff_prior,cdtest-000,20261004,100,93,1,0,6,0
targetdiff_prior,cdtest-048,20261002,100,78,4,0,18,0
targetdiff_prior,cdtest-048,20261003,100,87,2,0,11,0
targetdiff_prior,cdtest-048,20261004,100,77,7,0,16,0
targetdiff_prior,cdtest-071,20261002,100,91,0,0,7,2
pocket2mol,cdtest-000,20261002,100,100,0,0,0,0
pocket2mol,cdtest-000,20261003,100,100,0,0,0,0
pocket2mol,cdtest-000,20261004,100,100,0,0,0,0
pocket2mol,cdtest-048,20261002,100,100,0,0,0,0
pocket2mol,cdtest-048,20261003,100,100,0,0,0,0
pocket2mol,cdtest-048,20261004,100,100,0,0,0,0
pocket2mol,cdtest-071,20261002,100,100,0,0,0,0
drugflow,cdtest-000,20261002,100,82,0,16,2,0
drugflow,cdtest-000,20261003,100,75,0,21,4,0
drugflow,cdtest-000,20261004,100,79,0,16,5,0
drugflow,cdtest-048,20261002,100,48,0,2,50,0
drugflow,cdtest-048,20261003,100,47,0,3,50,0
drugflow,cdtest-048,20261004,100,48,0,9,43,0
drugflow,cdtest-071,20261002,100,93,0,6,1,0
flexflow,cdtest-000,20261002,100,84,0,12,4,0
flexflow,cdtest-000,20261003,100,76,0,15,9,0
flexflow,cdtest-000,20261004,100,79,0,12,9,0
flexflow,cdtest-048,20261002,100,68,0,13,19,0
flexflow,cdtest-048,20261003,100,60,0,12,28,0
flexflow,cdtest-048,20261004,100,59,0,8,33,0
flexflow,cdtest-071,20261002,100,94,0,1,5,0
